Workbook

Sheet Traceability Matrix
A1: Epic | B1: Ticket | C1: AC ID | D1: AC təsviri (qısa, GRAD-AC-Reference.md-dən) | E1: Prioritet (TestPlan/AC-Reference) | F1: Avtomatlaşdırma statusu (Gauge) | G1: Gauge spec faylı | H1: Spec ssenari(ləri) | I1: Qeyd / Gap izahı | J1: RestAssured test(lər)i (grad-restassured-testng) | K1: RestAssured statusu (son tam icra 09.10.2026: 147/147 passed) | L1: Test case ID(lər) — docs/Test-Cases-UI-API.xlsx | M1: Son nəticə (09.10.2026) | N1: Bug
A2: EPIC-1: Saxlanmış alıcılar | B2: GRAD-101 | C2: AC-1 | D2: Etibarlı sorğu → 201; id/iban/ibanMasked/currency/nickname/createdAt + Location header | E2: High (5 SP) | F2: Tam | G2: gradBeneficiaryTesting.spec | H2: #1 | I2: Bütün sahələr və Location header yoxlanılır. | J2: BeneficiaryCreateTest.ac1_validRequest_returns201WithAllFields | K2: Avtomat — 2026-10-07 passed | L2: TC-API-BEN-101-01 | M2: Passed
A3: EPIC-1: Saxlanmış alıcılar | B3: GRAD-101 | C3: AC-2 | D3: IBAN normallaşdırma (boşluq+kiçik hərf → təmiz+böyük hərf) | E3: High (5 SP) | F3: Tam | G3: gradBeneficiaryTesting.spec | H3: #2 | J3: BeneficiaryCreateTest.ac2_ibanNormalization_spacesAndLowercase | K3: Avtomat — 2026-10-07 passed | L3: TC-API-BEN-101-02 | M3: Passed
A4: EPIC-1: Saxlanmış alıcılar | B4: GRAD-101 | C4: AC-3 | D4: nickname göndərilmədikdə null qaytarılır | E4: High (5 SP) | F4: Tam | G4: gradBeneficiaryTesting.spec | H4: #3 | J4: BeneficiaryCreateTest.ac3_nicknameNotSent_returnsNull | K4: Avtomat — 2026-10-07 passed | L4: TC-API-BEN-101-03 | M4: Passed
A5: EPIC-1: Saxlanmış alıcılar | B5: GRAD-101 | C5: AC-4 | D5: Bir neçə sahə eyni anda səhv → 400 VALIDATION_ERROR, details[] | E5: High (5 SP) | F5: Tam | G5: gradBeneficiaryTesting.spec | H5: #4 | I5: details ölçüsü 2 təsdiqlənir. | J5: BeneficiaryCreateTest.ac4_multipleInvalidFields_returns400WithTwoDetails | K5: Avtomat — 2026-10-07 passed | L5: TC-API-BEN-101-04 | M5: Passed
A6: EPIC-1: Saxlanmış alıcılar | B6: GRAD-101 | C6: AC-5 | D6: fullName uzunluq sərhədi: 1/51 rədd, 2/50 qəbul | E6: High (5 SP) | F6: Tam | G6: gradBeneficiaryTesting.spec | H6: #5,#6,#7,#8 | I6: 4 sərhəd dəyəri də ayrıca test olunur. | J6: BeneficiaryCreateTest.ac5_fullNameLengthBoundary | K6: Avtomat — 2026-10-07 passed | L6: TC-API-BEN-101-05 TC-API-BEN-101-06 TC-API-BEN-101-07 TC-API-BEN-101-08 | M6: Passed
A7: EPIC-1: Saxlanmış alıcılar | B7: GRAD-101 | C7: AC-6 | D7: fullName format: hərflə başlamır / rəqəm var → 400 | E7: High (5 SP) | F7: Tam | G7: gradBeneficiaryTesting.spec | H7: #9,#10 | J7: BeneficiaryCreateTest.ac6_fullNameInvalidFormat_returns400 | K7: Avtomat — 2026-10-07 passed | L7: TC-API-BEN-101-09 TC-API-BEN-101-10 TC-API-BEN-101-20 | M7: Passed
A8: EPIC-1: Saxlanmış alıcılar | B8: GRAD-101 | C8: AC-7 | D8: Eyni IBAN təkrar → 409 BENEFICIARY_EXISTS | E8: High (5 SP) | F8: Tam | G8: gradBeneficiaryTesting.spec | H8: #11 | J8: BeneficiaryCreateTest.ac7_duplicateIban_returns409 | K8: Avtomat — 2026-10-07 passed | L8: TC-API-BEN-101-11 | M8: Passed
A9: EPIC-1: Saxlanmış alıcılar | B9: GRAD-101 | C9: AC-8 | D9: nickname unikallığı (case-insensitive) → 409 NICKNAME_TAKEN | E9: High (5 SP) | F9: Tam | G9: gradBeneficiaryTesting.spec | H9: #12 | J9: BeneficiaryCreateTest.ac8_nicknameUniqueness_caseInsensitive_returns409 | K9: Avtomat — 2026-10-07 passed | L9: TC-API-BEN-101-12 | M9: Passed
A10: EPIC-1: Saxlanmış alıcılar | B10: GRAD-101 | C10: AC-9 | D10: Öz hesabının IBAN-ı → 422 OWN_ACCOUNT | E10: High (5 SP) | F10: Tam | G10: gradBeneficiaryTesting.spec | H10: #13 | J10: BeneficiaryCreateTest.ac9_ownAccountIban_returns422 | K10: Avtomat — 2026-10-07 passed | L10: TC-API-BEN-101-13 | M10: Passed
A11: EPIC-1: Saxlanmış alıcılar | B11: GRAD-101 | C11: AC-10 | D11: 11-ci alıcı → 422 LIMIT_REACHED, limit:10 | E11: High (5 SP) | F11: Tam | G11: gradBeneficiaryTesting.spec | H11: #14 | J11: BeneficiaryCreateTest.ac10_eleventhBeneficiary_returns422LimitReached | K11: Avtomat — 2026-10-07 passed | L11: TC-API-BEN-101-14 | M11: Passed
A12: EPIC-1: Saxlanmış alıcılar | B12: GRAD-101 | C12: Əlavə | D12: Token yox/saxta → 401; JSON deyil → 400 INVALID_JSON; SQLi/XSS; IBAN 27/29 simvol sərhədi; AZ hərf/defis/apostrof qəbulu | E12: High (5 SP) | F12: Tam (AC-dən əlavə) | G12: gradBeneficiaryTesting.spec | H12: #15-#22 | I12: Bu ssenarilər konkret nömrələnmiş AC-yə bağlı deyil, lakin Ümumi texniki qaydaları və əlavə BVA/security örtür. | J12: BeneficiaryCreateTest.extra_noToken_returns401 BeneficiaryCreateTest.extra_fakeToken_returns401 BeneficiaryCreateTest.extra_sqlInjectionInFullName_returns400 BeneficiaryCreateTest.extra_xssInNickname_returns400 BeneficiaryCreateTest.extra_invalidJsonBody_returns400InvalidJson BeneficiaryCreateTest.extra_azerbaijaniLettersHyphenApostrophe_accepted BeneficiaryCreateTest.extra_ibanLengthBoundary_returns400 | K12: Avtomat — 2026-10-07 passed | L12: TC-API-BEN-101-15 TC-API-BEN-101-16 TC-API-BEN-101-17 TC-API-BEN-101-18 TC-API-BEN-101-19 TC-API-BEN-101-21 TC-API-BEN-101-22 | M12: Passed
A13: EPIC-1: Saxlanmış alıcılar | B13: GRAD-102 | C13: AC-1 | D13: Parametrsiz → 200; total=items.length; ən yeni birinci | E13: Medium (3 SP) | F13: Tam | G13: gradListBeneficiaries.spec | H13: 'Parametrsiz siyahı - defolt sıralama yeni-ucdan' | J13: BeneficiaryListTest.ac1_noParams_defaultSortNewestFirst | K13: Avtomat — 2026-10-07 passed | L13: TC-API-BEN-102-06 | M13: Passed
A14: EPIC-1: Saxlanmış alıcılar | B14: GRAD-102 | C14: AC-2 | D14: sort=fullName&order=asc → əlifba sırası (AZ əlifbası) | E14: Medium (3 SP) | F14: Tam | G14: gradListBeneficiaries.spec | H14: 'Adla sıralama - əlifba sırası ilə (asc)' | J14: BeneficiaryListTest.ac2_sortByFullNameAsc | K14: Avtomat — 2026-10-07 passed | L14: TC-API-BEN-102-07 | M14: Passed
A15: EPIC-1: Saxlanmış alıcılar | B15: GRAD-102 | C15: AC-3 | D15: currency=USD → yalnız USD alıcılar | E15: Medium (3 SP) | F15: Qismən | G15: gradListBeneficiaries.spec | H15: 'Valyuta filtri - yalnız USD alıcılar' | I15: GAP: Bu ssenari 2 alıcı yaradır, lakin currency=USD ilə GET sorğusunu heç vaxt göndərmir və heç bir assertion etmir (spec faylı, sətir 69-101) — AC-3 həqiqətən test edilmir. Kombinə edilmiş filtr testi (Əlavə sətri) currency parametrini istifadə edir, amma təkbaşına AC-3-ü əhatə etmir. | J15: BeneficiaryListTest.ac3_currencyFilter_usdOnly | K15: Avtomat — 2026-10-07 passed | L15: TC-API-BEN-102-05 | M15: Passed
A16: EPIC-1: Saxlanmış alıcılar | B16: GRAD-102 | C16: AC-4 | D16: q=NİGAR / q=NIGAR (nöqtəsiz I) → hər iki halda tapılır | E16: Medium (3 SP) | F16: Tam | G16: gradListBeneficiaries.spec | H16: 'Case-folding axtarış - İ/I herf problemi' | J16: BeneficiaryListTest.ac4_caseFoldingSearch_turkishIProblem | K16: Avtomat — 2026-10-07 passed | L16: TC-API-BEN-102-08 | M16: Passed
A17: EPIC-1: Saxlanmış alıcılar | B17: GRAD-102 | C17: AC-5 | D17: q ləqəbin bir hissəsidir → ləqəbə görə də tapılır | E17: Medium (3 SP) | F17: Tam | G17: gradListBeneficiaries.spec | H17: 'Ləqəbin bir hissəsi ile axtarış' | J17: BeneficiaryListTest.ac5_nicknamePartialSearch | K17: Avtomat — 2026-10-07 passed | L17: TC-API-BEN-102-11 | M17: Passed
A18: EPIC-1: Saxlanmış alıcılar | B18: GRAD-102 | C18: AC-6 | D18: q=a (1 simvol) → 400 VALIDATION_ERROR, field:q | E18: Medium (3 SP) | F18: Tam | G18: gradListBeneficiaries.spec | H18: 'q parametri minimum uzunluqdan qısadır' | J18: BeneficiaryListTest.ac6_qTooShort_returns400ValidationError | K18: Avtomat — 2026-10-07 passed | L18: TC-API-BEN-102-03 | M18: Passed
A19: EPIC-1: Saxlanmış alıcılar | B19: GRAD-102 | C19: AC-7 | D19: Heç nə tapılmır → 200, total:0, items:[] | E19: Medium (3 SP) | F19: Tam | G19: gradListBeneficiaries.spec | H19: 'Mövcud olmayan adla axtarış - heç ne tapılmır' | J19: BeneficiaryListTest.ac7_noResults_returns200EmptyList | K19: Avtomat — 2026-10-07 passed | L19: TC-API-BEN-102-02 | M19: Passed
A20: EPIC-1: Saxlanmış alıcılar | B20: GRAD-102 | C20: Əlavə | D20: Token yoxdur → 401; etibarsız sort dəyəri → 400; SQLi (q) → 200-400 aralığı; kombinə edilmiş filtrlər (q+currency+sort+order) | E20: Medium (3 SP) | F20: Tam (AC-dən əlavə) | G20: gradListBeneficiaries.spec | H20: 'Token olmadan GET', 'Etibarsız sort dəyeri', 'SQL-injection...', 'Kombinə edilmiş filtrlər...' | I20: Kombinə edilmiş filtr testi AC-2/3/4-ü birlikdə əlavə təsdiqləyir. | J20: BeneficiaryListTest.extra_noToken_returns401 BeneficiaryListTest.extra_sqlInjectionInQ_returns200to400 BeneficiaryListTest.extra_invalidSortValue_returns400 BeneficiaryListTest.extra_combinedFilters_qCurrencySortOrder | K20: Avtomat — 2026-10-07 passed | L20: TC-API-BEN-102-01 TC-API-BEN-102-04 TC-API-BEN-102-09 TC-API-BEN-102-10 | M20: Passed
A21: EPIC-1: Saxlanmış alıcılar | B21: GRAD-103 | C21: AC-1 | D21: Mövcud alıcı silinir → 204, body boşdur | E21: Medium (2 SP) | F21: Tam | G21: gradDeleteBeneficiary.spec | H21: 'Movcud alicini silmek' | J21: BeneficiaryDeleteTest.ac1_deleteExistingBeneficiary_returns204EmptyBody | K21: Avtomat — 2026-10-07 passed | L21: TC-API-BEN-103-01 | M21: Passed
A22: EPIC-1: Saxlanmış alıcılar | B22: GRAD-103 | C22: AC-2 | D22: Silinmiş alıcı siyahıda yoxdur, total 1 azalıb | E22: Medium (2 SP) | F22: Tam | G22: gradDeleteBeneficiary.spec | H22: 'Silinmiş alıcı siyahıda görünmür' | J22: BeneficiaryDeleteTest.ac2_deletedBeneficiaryNotInList_totalDecreasesByOne | K22: Avtomat — 2026-10-07 passed | L22: TC-API-BEN-103-02 | M22: Passed
A23: EPIC-1: Saxlanmış alıcılar | B23: GRAD-103 | C23: AC-3 | D23: Eyni id ikinci dəfə silinir → 404 NOT_FOUND | E23: Medium (2 SP) | F23: Tam | G23: gradDeleteBeneficiary.spec | H23: 'Eyni id ikinci defe silinir' | J23: BeneficiaryDeleteTest.ac3_sameIdDeletedTwice_secondReturns404 | K23: Avtomat — 2026-10-07 passed | L23: TC-API-BEN-103-03 | M23: Passed
A24: EPIC-1: Saxlanmış alıcılar | B24: GRAD-103 | C24: AC-4 | D24: user2 user1-in alıcı id-si ilə silməyə çalışır → 404 (403 yox) (IDOR) | E24: Medium (2 SP) | F24: Tam | G24: gradDeleteBeneficiary.spec | H24: 'Başqa istifadəçinin alıcısını silmək (IDOR)' | J24: BeneficiaryDeleteTest.ac4_idorAnotherUsersBeneficiary_returns404NotFound | K24: Avtomat — 2026-10-07 passed | L24: TC-API-BEN-103-06 | M24: Passed
A25: EPIC-1: Saxlanmış alıcılar | B25: GRAD-103 | C25: Əlavə | D25: Token olmadan DELETE → 401; mövcud olmayan id → 404 | E25: Medium (2 SP) | F25: Tam (AC-dən əlavə) | G25: gradDeleteBeneficiary.spec | H25: 'Token olmadan DELETE sorğusu', 'Movcud olmayan id ile DELETE' | J25: BeneficiaryDeleteTest.extra_noToken_returns401 BeneficiaryDeleteTest.extra_nonExistentId_returns404 | K25: Avtomat — 2026-10-07 passed | L25: TC-API-BEN-103-04 TC-API-BEN-103-05 | M25: Passed
A26: EPIC-2: Virtual kartlar | B26: GRAD-201 | C26: AC-1 | D26: Etibarlı sorğu → 201; status ACTIVE; availableBalance=initialAmount; limitlər 500/300; spentToday 0 | E26: High (5 SP) | F26: Tam | G26: gradCreateCard.spec | H26: 'Etibarlı kart buraxılışı' | J26: CardCreateTest.validCardCreation_returns201WithAllFields CardCreateTest.labelNotSent_returnsNullLabel | K26: Avtomat — 2026-10-07 passed | L26: TC-API-CARD-201-01 TC-API-CARD-201-11 | M26: Passed
A27: EPIC-2: Virtual kartlar | B27: GRAD-201 | C27: AC-2 | D27: maskedPan '4169 73** **** NNNN' formatı; expiry MM/YY — bu gündən 3 il sonra | E27: High (5 SP) | F27: Qismən | G27: gradCreateCard.spec | H27: 'maskedPan/expiry formatı' | I27: Yalnız regex formatı (MM/YY) yoxlanılır; expiry-nin DƏQIQ 'bu gündən 3 il sonra' olduğu heç bir assertion-da hesablanıb müqayisə edilmir. | J27: CardCreateTest.maskedPanAndExpiry_matchExpectedFormat | K27: Avtomat — 2026-10-07 passed | L27: TC-API-CARD-201-02 | M27: Passed
A28: EPIC-2: Virtual kartlar | B28: GRAD-201 | C28: AC-3 | D28: initialAmount 0.99/1000.01 rədd; 1.00/1000.00 qəbul | E28: High (5 SP) | F28: Tam | G28: gradCreateCard.spec | H28: 'initialAmount sərhədi (BVA)' | J28: CardCreateTest.initialAmountBoundary_rejectsOrAccepts | K28: Avtomat — 2026-10-07 passed | L28: TC-API-CARD-201-03 | M28: Passed
A29: EPIC-2: Virtual kartlar | B29: GRAD-201 | C29: AC-4 | D29: initialAmount mətn ("50") və ya 10.555 → 400 | E29: High (5 SP) | F29: Tam | G29: gradCreateCard.spec | H29: 'initialAmount format xətaları' | J29: CardCreateTest.initialAmountFormatErrors_return400 | K29: Avtomat — 2026-10-07 passed | L29: TC-API-CARD-201-04 | M29: Passed
A30: EPIC-2: Virtual kartlar | B30: GRAD-201 | C30: AC-5 | D30: user1 acc_003 (özünə aid olmayan hesab) ilə kart açır → 403 FORBIDDEN | E30: High (5 SP) | F30: Tam | G30: gradCreateCard.spec | H30: 'Başqasının hesabı ilə kart açmaq' | J30: CardCreateTest.anotherUsersAccount_returns403 | K30: Avtomat — 2026-10-07 passed | L30: TC-API-CARD-201-05 | M30: Passed
A31: EPIC-2: Virtual kartlar | B31: GRAD-201 | C31: AC-6 | D31: user2 891 yükləmək istəyir (balans 890.50) → 422 INSUFFICIENT_FUNDS | E31: High (5 SP) | F31: YOXDUR | G31: gradCreateCard.spec | H31: — | I31: gradCreateCard.spec-də bu ssenari YOXDUR. Heç bir fayl bu AC-ni avtomatlaşdırmır. GAP. | J31: CardCreateTest.ac6_initialAmountExceedsAvailableBalance_returns422InsufficientFunds | K31: Avtomat — 2026-10-07 passed | L31: TC-API-CARD-201-12 | M31: Passed
A32: EPIC-2: Virtual kartlar | B32: GRAD-201 | C32: AC-7 | D32: 3 ACTIVE/FROZEN kart var, 4-cü açılır → 422 CARD_LIMIT_REACHED | E32: High (5 SP) | F32: Tam | G32: gradCreateCard.spec | H32: 'Kart limiti (3) aşılır' | J32: CardCreateTest.cardLimitExceeded_fourthCardReturns422 | K32: Avtomat — 2026-10-07 passed | L32: TC-API-CARD-201-06 | M32: Passed
A33: EPIC-2: Virtual kartlar | B33: GRAD-201 | C33: AC-8 | D33: Kartlardan biri BLOCKED edilib, yeni kart açılır → 201 (BLOCKED limitə sayılmır) | E33: High (5 SP) | F33: YOXDUR | G33: gradCreateCard.spec | H33: — | I33: Heç bir spec faylında test olunmur. GAP. | J33: CardCreateTest.ac8_blockedCardDoesNotCountTowardActiveCardLimit | K33: Avtomat — 2026-10-07 passed | L33: TC-API-CARD-201-13 | M33: Passed
A34: EPIC-2: Virtual kartlar | B34: GRAD-201 | C34: Əlavə | D34: Mövcud olmayan accountId → 404; token yox/saxta → 401; XSS label (qəbul, sanitize olunmur); label yoxdursa null | E34: High (5 SP) | F34: Tam (AC-dən əlavə) | G34: gradCreateCard.spec | H34: 'Mövcud olmayan accountId', 'Token yoxdur', 'Saxta token', 'XSS payload - label', 'label göndərilmədikdə null' | I34: XSS testi label-in sanitize olunmadığını (security tapıntısı deyil, davranış qeydi) göstərir. | J34: CardCreateTest.nonExistentAccountId_returns404 CardCreateTest.noToken_returns401 CardCreateTest.fakeToken_returns401 CardCreateTest.xssPayloadInLabel_returns201WithLabelEchoedVerbatim | K34: Avtomat — 2026-10-07 passed | L34: TC-API-CARD-201-07 TC-API-CARD-201-08 TC-API-CARD-201-09 TC-API-CARD-201-10 | M34: Passed
A35: EPIC-2: Virtual kartlar | B35: GRAD-202 | C35: AC-1 | D35: Yeni buraxılmış kart → GET nəticəsi POST cavabı ilə eynidir | E35: Medium (2 SP) | F35: Tam | G35: gradGetCard.spec | H35: '#46 Yeni buraxılmış kartın məlumatı' | J35: CardGetTest.newlyIssuedCard_returnsMatchingDetails | K35: Avtomat — 2026-10-07 passed | L35: TC-API-CARD-202-01 | M35: Passed
A36: EPIC-2: Virtual kartlar | B36: GRAD-202 | C36: AC-2 | D36: 50.50 AZN ödənişdən sonra availableBalance azalıb, spentToday artıb | E36: Medium (2 SP) | F36: Qismən | G36: gradGetCard.spec | H36: '#47 Ödənişdən sonra balansın düzgün əks olunması' | I36: Yalnız availableBalance (49.5) yoxlanılır; spentToday sahəsi HEÇ BİR testdə assert edilmir (bax GRAD-302 qeydi də). GAP. | J36: CardGetTest.afterPayment_balanceReflectsCorrectly BillPaymentTest.scenario70_validCityNetPayment_returns201WithAllFields | K36: Avtomat — 2026-10-07 passed | L36: TC-API-CARD-202-04 TC-API-CARD-202-06 | M36: Passed
A37: EPIC-2: Virtual kartlar | B37: GRAD-202 | C37: AC-3 | D37: Başqa istifadəçinin kart id-si → 404 NOT_FOUND (IDOR) | E37: Medium (2 SP) | F37: Tam | G37: gradGetCard.spec | H37: '#48 Başqa istifadəçinin kartına GET cəhdi (IDOR)' | J37: CardGetTest.anotherUsersCard_idor_returns404NotFound | K37: Avtomat — 2026-10-07 passed | L37: TC-API-CARD-202-05 | M37: Passed
A38: EPIC-2: Virtual kartlar | B38: GRAD-202 | C38: Əlavə | D38: Token yox → 401; mövcud olmayan kart id → 404 | E38: Medium (2 SP) | F38: Tam (AC-dən əlavə) | G38: gradGetCard.spec | H38: '#49, #50' | J38: CardGetTest.noToken_returns401 CardGetTest.nonExistentCardId_returns404 | K38: Avtomat — 2026-10-07 passed | L38: TC-API-CARD-202-02 TC-API-CARD-202-03 | M38: Passed
A39: EPIC-2: Virtual kartlar | B39: GRAD-203 | C39: AC-1 | D39: ACTIVE+TEMPORARY → 200 FROZEN, blockReason, blockedAt | E39: Qeyd olunmayıb (TestPlan-da GRAD-203/204/302 'ən yüksək prioritet' qrupuna aid edilib) | F39: Tam | G39: gradBlockCard.spec | H39: '#51' | J39: CardBlockTest.ac1_activeCardTemporaryReason_returns200Frozen | K39: Avtomat — 2026-10-07 passed | L39: TC-API-CARD-203-01 | M39: Passed
A40: EPIC-2: Virtual kartlar | B40: GRAD-203 | C40: AC-2 | D40: ACTIVE+LOST → 200 BLOCKED | E40: Qeyd olunmayıb (TestPlan-da GRAD-203/204/302 'ən yüksək prioritet' qrupuna aid edilib) | F40: Tam | G40: gradBlockCard.spec | H40: '#52' | J40: CardBlockTest.ac2_activeCardLostReason_returns200Blocked | K40: Avtomat — 2026-10-07 passed | L40: TC-API-CARD-203-02 | M40: Passed
A41: EPIC-2: Virtual kartlar | B41: GRAD-203 | C41: AC-3 | D41: FROZEN+STOLEN → 200 BLOCKED (eskalasiya) | E41: Qeyd olunmayıb (TestPlan-da GRAD-203/204/302 'ən yüksək prioritet' qrupuna aid edilib) | F41: Tam | G41: gradBlockCard.spec | H41: '#53' | J41: CardBlockTest.ac3_frozenCardStolenReason_escalatesTo200Blocked | K41: Avtomat — 2026-10-07 passed | L41: TC-API-CARD-203-03 | M41: Passed
A42: EPIC-2: Virtual kartlar | B42: GRAD-203 | C42: AC-4 | D42: FROZEN+TEMPORARY → 409 ALREADY_FROZEN | E42: Qeyd olunmayıb (TestPlan-da GRAD-203/204/302 'ən yüksək prioritet' qrupuna aid edilib) | F42: Tam | G42: gradBlockCard.spec | H42: '#54' | J42: CardBlockTest.ac4_frozenCardTemporaryAgain_returns409AlreadyFrozen | K42: Avtomat — 2026-10-07 passed | L42: TC-API-CARD-203-04 | M42: Passed
A43: EPIC-2: Virtual kartlar | B43: GRAD-203 | C43: AC-5 | D43: BLOCKED kart, istənilən reason → 409 CARD_BLOCKED | E43: Qeyd olunmayıb (TestPlan-da GRAD-203/204/302 'ən yüksək prioritet' qrupuna aid edilib) | F43: Qismən | G43: gradBlockCard.spec | H43: '#55' | I43: Yalnız BLOCKED+STOLEN kombinasiyası test olunur; 'istənilən reason' iddiasına baxmayaraq BLOCKED+TEMPORARY və BLOCKED+LOST kombinasiyaları ayrıca test edilmir. GAP (qismən). | J43: CardBlockTest.ac5_blockedCardBlockedAgain_returns409CardBlocked CardBlockTest.stateTransitionTable_allNineTransitions | K43: Avtomat — 2026-10-07 passed + yeni test (icra gözlənilir) | L43: TC-API-CARD-203-05 | M43: Passed
A44: EPIC-2: Virtual kartlar | B44: GRAD-203 | C44: AC-6 | D44: reason 'BROKEN' və ya yoxdur → 400 VALIDATION_ERROR | E44: Qeyd olunmayıb (TestPlan-da GRAD-203/204/302 'ən yüksək prioritet' qrupuna aid edilib) | F44: Tam | G44: gradBlockCard.spec | H44: '#56, #57' | J44: CardBlockTest.ac6_invalidOrMissingReason_returns400ValidationError | K44: Avtomat — 2026-10-07 passed | L44: TC-API-CARD-203-06 TC-API-CARD-203-07 | M44: Passed
A45: EPIC-2: Virtual kartlar | B45: GRAD-203 | C45: AC-7 | D45: FROZEN/BLOCKED kartla ödəniş → 422 CARD_NOT_ACTIVE | E45: Qeyd olunmayıb (TestPlan-da GRAD-203/204/302 'ən yüksək prioritet' qrupuna aid edilib) | F45: Tam (çarpaz fayl) | G45: gradBlockCard.spec | H45: gradBillPayments.spec '#92, #93' | I45: Bu AC GRAD-203 faylında deyil, GRAD-302-nin spec faylında test olunur (fərqli ticket-in faylında, lakin faktiki örtülüb). | J45: BillPaymentTest.scenario92_frozenCardPaymentAttempt_returns422CardNotActive BillPaymentTest.scenario93_blockedCardPaymentAttempt_returns422CardNotActive | K45: Avtomat — 2026-10-07 passed | L45: TC-API-BILL-302-23 TC-API-BILL-302-24 | M45: Passed
A46: EPIC-2: Virtual kartlar | B46: GRAD-203 | C46: Əlavə | D46: Token yox/etibarsız → 401; mövcud olmayan kart id → 404 NOT_FOUND | E46: Qeyd olunmayıb (TestPlan-da GRAD-203/204/302 'ən yüksək prioritet' qrupuna aid edilib) | F46: Tam (AC-dən əlavə) | G46: gradBlockCard.spec | H46: '#58, #59' | J46: CardBlockTest.scenario58_noToken_returns401 CardBlockTest.newGapClosing_blockAnotherUsersCard_returns404NotFound CardBlockTest.scenario59_nonExistentCardId_returns404NotFound | K46: Avtomat — 2026-10-07 passed | L46: TC-API-CARD-203-08 TC-API-CARD-203-09 | M46: Passed
A47: EPIC-2: Virtual kartlar | B47: GRAD-203 | C47: Əlavə (gap) | D47: Başqa istifadəçinin kartını bloklamaq (IDOR) — ümumi 'sahiblik olmayan resursa 404' qaydası | E47: Qeyd olunmayıb (TestPlan-da GRAD-203/204/302 'ən yüksək prioritet' qrupuna aid edilib) | F47: YOXDUR | G47: gradBlockCard.spec | H47: — | I47: Heç bir spec-də POST /cards/{id}/block üçün IDOR (başqa user-in kartı) testi yoxdur. GRAD-103/202-dəki IDOR pattern-i bura tətbiq edilməyib. GAP. | J47: CardBlockTest.newGapClosing_blockAnotherUsersCard_returns404NotFound | K47: Avtomat — 2026-10-07 passed | L47: TC-API-CARD-203-10 | M47: Passed
A48: EPIC-2: Virtual kartlar | B48: GRAD-204 | C48: AC-1 | D48: FROZEN kart unblock → 200 ACTIVE; blockReason/blockedAt null | E48: Medium (2 SP) | F48: Tam | G48: gradUnblockCard.spec | H48: '#60' | J48: CardUnblockTest.frozenCard_unblock_returns200ActiveStatus | K48: Avtomat — 2026-10-07 passed | L48: TC-API-CARD-204-01 | M48: Passed
A49: EPIC-2: Virtual kartlar | B49: GRAD-204 | C49: AC-2 | D49: ACTIVE kart unblock → 409 NOT_FROZEN | E49: Medium (2 SP) | F49: Tam | G49: gradUnblockCard.spec | H49: '#61' | J49: CardUnblockTest.activeCard_unblock_returns409NotFrozen | K49: Avtomat — 2026-10-07 passed | L49: TC-API-CARD-204-02 | M49: Passed
A50: EPIC-2: Virtual kartlar | B50: GRAD-204 | C50: AC-3 | D50: BLOCKED kart unblock → 409 PERMANENTLY_BLOCKED | E50: Medium (2 SP) | F50: Tam | G50: gradUnblockCard.spec | H50: '#62' | J50: CardUnblockTest.blockedCard_unblock_returns409PermanentlyBlocked | K50: Avtomat — 2026-10-07 passed | L50: TC-API-CARD-204-03 | M50: Passed
A51: EPIC-2: Virtual kartlar | B51: GRAD-204 | C51: AC-4 | D51: Açılmış (unblock olunmuş) kartla ödəniş → uğurla keçir (201) | E51: Medium (2 SP) | F51: Tam | G51: gradUnblockCard.spec | H51: '64a. Açılmış kartla ödəniş uğurla keçir (AC-4)' | I51: Heç bir spec-də unblock-dan sonra ödəniş testi yoxdur. GAP. Yeniləmə 09.10: gradUnblockCard.spec-ə 64a ssenarisi əlavə edildi (PASSED). | J51: CardUnblockTest.ac4_unblockedCard_paymentSucceedsAgain | K51: Avtomat — 2026-10-07 passed | L51: TC-API-CARD-204-06 | M51: Passed
A52: EPIC-2: Virtual kartlar | B52: GRAD-204 | C52: Əlavə | D52: Token yox/etibarsız → 401; mövcud olmayan kart id → 404 | E52: Medium (2 SP) | F52: Tam (AC-dən əlavə) | G52: gradUnblockCard.spec | H52: '#63, #64' | J52: CardUnblockTest.noToken_returns401 CardUnblockTest.idor_anotherUsersCardUnblockAttempt_returns404NotFound CardUnblockTest.nonExistentCardId_returns404NotFound | K52: Avtomat — 2026-10-07 passed | L52: TC-API-CARD-204-04 TC-API-CARD-204-05 | M52: Passed
A53: EPIC-2: Virtual kartlar | B53: GRAD-204 | C53: Əlavə (gap) | D53: Başqa istifadəçinin kartını unblock etmək (IDOR) | E53: Medium (2 SP) | F53: YOXDUR | G53: gradUnblockCard.spec | H53: — | I53: Heç bir spec-də POST /cards/{id}/unblock üçün IDOR testi yoxdur. GAP. | J53: CardUnblockTest.idor_anotherUsersCardUnblockAttempt_returns404NotFound | K53: Avtomat — 2026-10-07 passed | L53: TC-API-CARD-204-07 | M53: Passed
A54: EPIC-3: Kommunal ödənişlər | B54: GRAD-301 | C54: AC-1 | D54: Parametrsiz → 200; total 6; hər elementdə subscriberPattern/minAmount/maxAmount/fee | E54: Low (2 SP) | F54: Tam | G54: gradBillersList.spec | H54: '#65' | I54: Bütün 6 billerin konkret dəyərləri (category/min/max/fee/pattern) ayrı-ayrı yoxlanılır. | J54: BillersListTest.scenario65_noParams_returnsAllBillers | K54: Avtomat — 2026-10-07 passed | L54: TC-API-BILL-301-01 | M54: Passed
A55: EPIC-3: Kommunal ödənişlər | B55: GRAD-301 | C55: AC-2 | D55: category=MOBILE → yalnız Azercell və Bakcell | E55: Low (2 SP) | F55: Tam | G55: gradBillersList.spec | H55: '#66' | J55: BillersListTest.scenario66_categoryMobile_filtersCorrectly BillersListTest.scenario67_categoryInternet_filtersCorrectly | K55: Avtomat — 2026-10-07 passed | L55: TC-API-BILL-301-02 TC-API-BILL-301-03 | M55: Passed
A56: EPIC-3: Kommunal ödənişlər | B56: GRAD-301 | C56: AC-3 | D56: category=GAS → 400 VALIDATION_ERROR | E56: Low (2 SP) | F56: Tam | G56: gradBillersList.spec | H56: '#68' | J56: BillersListTest.scenario68_invalidCategoryValue_returns400 | K56: Avtomat — 2026-10-07 passed | L56: TC-API-BILL-301-04 | M56: Passed
A57: EPIC-3: Kommunal ödənişlər | B57: GRAD-301 | C57: Əlavə | D57: category=INTERNET filtri; token yox → 401 | E57: Low (2 SP) | F57: Tam (AC-dən əlavə) | G57: gradBillersList.spec | H57: '#67, #69' | J57: BillersListTest.scenario69_noAuthHeader_returns401 | K57: Avtomat — 2026-10-07 passed | L57: TC-API-BILL-301-05 | M57: Passed
A58: EPIC-3: Kommunal ödənişlər | B58: GRAD-302 | C58: AC-1 | D58: Etibarlı ödəniş → 201 SUCCESS; total=amount+fee; balanceAfter; Location header var | E58: Highest (8 SP) | F58: Qismən | G58: gradBillPayments.spec | H58: '#70' | I58: status/fee/total/balanceAfter yoxlanılır, lakin Location header POST /bill-payments cavabında HEÇ BİR ssenaridə assert edilmir (yalnız /cards POST-da yoxlanılır, #74). GAP (qismən). | J58: BillPaymentTest.scenario70_validCityNetPayment_returns201WithAllFields | K58: Avtomat — 2026-10-07 passed | L58: TC-API-BILL-302-01 | M58: Passed
A59: EPIC-3: Kommunal ödənişlər | B59: GRAD-302 | C59: AC-2 | D59: Ödəniş sonrası GET /cards/{id}: availableBalance azalıb, spentToday artıb | E59: Highest (8 SP) | F59: Qismən | G59: gradBillPayments.spec | H59: '#74' (yalnız balans) | I59: availableBalance 49.5 yoxlanılır, spentToday heç vaxt assert edilmir (bax GRAD-202 AC-2 ilə eyni gap). GAP. | J59: BillPaymentTest.scenario70_validCityNetPayment_returns201WithAllFields CardGetTest.afterPayment_balanceReflectsCorrectly | K59: Avtomat — 2026-10-07 passed | L59: TC-API-BILL-302-01 TC-API-BILL-302-05 | M59: Passed
A60: EPIC-3: Kommunal ödənişlər | B60: GRAD-302 | C60: AC-3 | D60: Sandbox-da ilk ödəniş: receiptNo RCP-YYYYMMDD-000001, hər növbəti +1 | E60: Highest (8 SP) | F60: Qismən | G60: gradBillPayments.spec | H60: '#70' (yalnız receiptNo formatı, regex) | I60: Heç bir ssenaridə receiptNo formatı və ya artımı yoxlanılmır. GAP. Yeniləmə 09.10: #70-ə receiptNo regex yoxlaması əlavə edildi; +1 artım yalnız RestAssured-dadır (TC-API-BILL-302-26). | J60: BillPaymentTest.acGap_receiptNoIncrementsByOneAcrossConsecutivePayments | K60: Avtomat — 2026-10-07 passed | L60: TC-API-BILL-302-01 TC-API-BILL-302-26 | M60: Passed
A61: EPIC-3: Kommunal ödənişlər | B61: GRAD-302 | C61: AC-4 | D61: Eyni Idempotency-Key+body təkrar → 200 (201 yox), eyni id, Idempotent-Replay:true, balans ikinci dəfə azalmır | E61: Highest (8 SP) | F61: Tam | G61: gradBillPayments.spec | H61: '#74' | J61: BillPaymentTest.scenario74_sameIdempotencyKeySameBody_replaysWithoutDoubleCharging | K61: Avtomat — 2026-10-07 passed | L61: TC-API-BILL-302-05 | M61: Passed
A62: EPIC-3: Kommunal ödənişlər | B62: GRAD-302 | C62: AC-5 | D62: Eyni Idempotency-Key, fərqli amount → 409 IDEMPOTENCY_CONFLICT | E62: Highest (8 SP) | F62: Tam | G62: gradBillPayments.spec | H62: '#75' | J62: BillPaymentTest.scenario75_sameIdempotencyKeyDifferentBody_returns409Conflict | K62: Avtomat — 2026-10-07 passed | L62: TC-API-BILL-302-06 | M62: Passed
A63: EPIC-3: Kommunal ödənişlər | B63: GRAD-302 | C63: AC-6 | D63: Idempotency-Key yoxdur → 400 IDEMPOTENCY_KEY_REQUIRED | E63: Highest (8 SP) | F63: Tam | G63: gradBillPayments.spec | H63: '#72' | I63: Əlavə: '#73' Idempotency-Key çox qısa → 400 IDEMPOTENCY_KEY_INVALID (AC-dən artıq, 8-64 simvol qaydasını dəstəkləyir). | J63: BillPaymentTest.scenario72_noIdempotencyKeyHeader_returns400 | K63: Avtomat — 2026-10-07 passed | L63: TC-API-BILL-302-03 | M63: Passed | N63: BUG-01 (intermittent 500 əvəzinə 400, 1/10 tam icra)
A64: EPIC-3: Kommunal ödənişlər | B64: GRAD-302 | C64: AC-7 | D64: Azercell-ə Bakcell-pattern nömrə (551234567) → 422 INVALID_SUBSCRIBER | E64: Highest (8 SP) | F64: Qismən | G64: gradBillPayments.spec | H64: '#80' (fərqli kombinasiya: Azərişıq + həddindən qısa nömrə) | I64: AC-7-də dəqiq göstərilən Azercell/Bakcell kombinasiyası test edilmir; '#80' INVALID_SUBSCRIBER kod yolunu fərqli biller+nömrə ilə yoxlayır. Dəqiq ssenari fərqlidir (deviation). | J64: BillPaymentTest.ac7_azercellGivenBakcellNumber_returns422InvalidSubscriber | K64: Avtomat — 2026-10-07 passed | L64: TC-API-BILL-302-11 | M64: Passed
A65: EPIC-3: Kommunal ödənişlər | B65: GRAD-302 | C65: AC-8 | D65: Azercell: 0.49/200.01 → 422 AMOUNT_OUT_OF_RANGE; 0.50/200.00 qəbul | E65: Highest (8 SP) | F65: Qismən (deviation) | G65: gradBillPayments.spec | H65: '#85, #86' (CityNet 4.99/150.01 ilə) | I65: Avtomasiya AC-8-də göstərilən Azercell dəyərləri (0.49/200.01) əvəzinə CityNet dəyərlərini (4.99/150.01) istifadə edir. Məntiq (AMOUNT_OUT_OF_RANGE) eynidir, lakin AC-də göstərilən dəqiq biller/dəyərlər test edilmir. | J65: BillPaymentTest.scenarios85to86_cityNetAmountOutOfRange BillPaymentTest.ac8_azercellExactAmountBoundary | K65: Avtomat — 2026-10-07 passed | L65: TC-API-BILL-302-16 TC-API-BILL-302-17 | M65: Passed
A66: EPIC-3: Kommunal ödənişlər | B66: GRAD-302 | C66: AC-9 | D66: CityNet: 5/20/21/150 AZN → fee 0.20/0.20/0.21/1.50 | E66: Highest (8 SP) | F66: Tam | G66: gradBillPayments.spec | H66: '#81,#82,#83,#84' | I66: Dəqiq AC dəyərləri ilə tam uyğundur. | J66: BillPaymentTest.scenarios81to84_cityNetFeeBoundary | K66: Avtomat — 2026-10-07 passed | L66: TC-API-BILL-302-12 TC-API-BILL-302-13 TC-API-BILL-302-14 TC-API-BILL-302-15 | M66: Passed
A67: EPIC-3: Kommunal ödənişlər | B67: GRAD-302 | C67: AC-10 | D67: Aztelekom: istənilən məbləğ → fee 0.50 (sabit) | E67: Highest (8 SP) | F67: Tam | G67: gradBillPayments.spec | H67: '#71' | J67: BillPaymentTest.scenario71_aztelekomFixedFee_returns201 | K67: Avtomat — 2026-10-07 passed | L67: TC-API-BILL-302-02 | M67: Passed
A68: EPIC-3: Kommunal ödənişlər | B68: GRAD-302 | C68: AC-11 | D68: total 300.01 → 422 PER_TRANSACTION_LIMIT; 300.00 keçir | E68: Highest (8 SP) | F68: Tam | G68: gradBillPayments.spec | H68: '#87, #88' | J68: BillPaymentTest.scenario87_perTransactionLimitExceeded_returns422 BillPaymentTest.scenario88_perTransactionLimitExact300_returns201 | K68: Avtomat — 2026-10-07 passed | L68: TC-API-BILL-302-18 TC-API-BILL-302-19 | M68: Passed
A69: EPIC-3: Kommunal ödənişlər | B69: GRAD-302 | C69: AC-12 | D69: Bu gün 500 xərclənib, 1 AZN də ödənir → 422 DAILY_LIMIT_EXCEEDED, remaining:0 | E69: Highest (8 SP) | F69: Qismən | G69: gradBillPayments.spec | H69: '#89' | I69: Kod (DAILY_LIMIT_EXCEEDED) yoxlanılır, lakin 'remaining':0 sahəsi heç bir assertion-da yoxlanılmır. GAP (qismən). | J69: BillPaymentTest.scenario89_dailyLimitExceeded_returns422 | K69: Avtomat — 2026-10-07 passed | L69: TC-API-BILL-302-20 | M69: Passed
A70: EPIC-3: Kommunal ödənişlər | B70: GRAD-302 | C70: AC-13 | D70: Balans 49.50: 49.51 rədd INSUFFICIENT_FUNDS / 49.50 qəbul, balanceAfter 0 | E70: Highest (8 SP) | F70: Tam | G70: gradBillPayments.spec | H70: '#90, #91' | J70: BillPaymentTest.scenario90_insufficientFunds_returns422 BillPaymentTest.scenario91_exactBalanceAmount_returns201WithZeroBalanceAfter | K70: Avtomat — 2026-10-07 passed | L70: TC-API-BILL-302-21 TC-API-BILL-302-22 | M70: Passed
A71: EPIC-3: Kommunal ödənişlər | B71: GRAD-302 | C71: AC-14 | D71: FROZEN kart → CARD_NOT_ACTIVE; USD kart → CURRENCY_NOT_SUPPORTED | E71: Highest (8 SP) | F71: Tam | G71: gradBillPayments.spec | H71: '#92 (FROZEN), #93 (BLOCKED), #94 (USD)' | I71: BLOCKED kartla ödəniş də əlavə test olunur (AC-14 FROZEN-i açıq deyir, BLOCKED AC-7-yə uyğundur). | J71: BillPaymentTest.scenario92_frozenCardPaymentAttempt_returns422CardNotActive BillPaymentTest.scenario93_blockedCardPaymentAttempt_returns422CardNotActive BillPaymentTest.scenario94_usdCardPayment_returns422CurrencyNotSupported | K71: Avtomat — 2026-10-07 passed | L71: TC-API-BILL-302-23 TC-API-BILL-302-24 TC-API-BILL-302-25 | M71: Passed
A72: EPIC-3: Kommunal ödənişlər | B72: GRAD-302 | C72: AC-15 | D72: amount mətn ("10") → 400 VALIDATION_ERROR | E72: Highest (8 SP) | F72: Tam | G72: gradBillPayments.spec | H72: '#79' | J72: BillPaymentTest.scenario79_amountAsText_returns400ValidationError BillPaymentTest.gap03_invalidMoneyAmount_returns400ValidationError | K72: Avtomat — 2026-10-07 passed + yeni test (icra gözlənilir) | L72: TC-API-BILL-302-10 | M72: Passed
A73: EPIC-3: Kommunal ödənişlər | B73: GRAD-302 | C73: Əlavə | D73: Mövcud olmayan billerId → 404 BILLER_NOT_FOUND; mövcud olmayan cardId → 404 CARD_NOT_FOUND; token yox → 401 | E73: Highest (8 SP) | F73: Tam (AC-dən əlavə) | G73: gradBillPayments.spec | H73: '#76, #77, #78' | I73: Ümumi yoxlama ardıcıllığı qaydalarını dəstəkləyir. | J73: BillPaymentTest.scenario73_idempotencyKeyTooShort_returns400 BillPaymentTest.scenario76_nonExistentBillerId_returns404 BillPaymentTest.scenario77_nonExistentCardId_returns404 BillPaymentTest.scenario80_azerisiqInvalidSubscriberFormat_returns422 BillPaymentTest.scenario78_noToken_returns401 | K73: Avtomat — 2026-10-07 passed | L73: TC-API-BILL-302-04 TC-API-BILL-302-07 TC-API-BILL-302-08 TC-API-BILL-302-09 | M73: Passed
A74: EPIC-3: Kommunal ödənişlər | B74: GRAD-303 | C74: AC-1 | D74: Parametrsiz → 200; page 1, limit 10; ən yeni ödəniş birinci | E74: Medium (5 SP) | F74: Tam | G74: gradPaymentHistory.spec | H74: '#1' | J74: PaymentHistoryTest.scenario1_noParams_defaultPageLimit | K74: Avtomat — 2026-10-07 passed | L74: TC-API-BILL-303-01 | M74: Passed
A75: EPIC-3: Kommunal ödənişlər | B75: GRAD-303 | C75: AC-2 | D75: 18 ödəniş, limit 10, page=2 → 8 element; totalPages 2 | E75: Medium (5 SP) | F75: Tam | G75: gradPaymentHistory.spec | H75: '#2' | I75: Azalan sıra (createdAt) da yoxlanılır. | J75: PaymentHistoryTest.scenario2_pagination_18Payments_page2 | K75: Avtomat — 2026-10-07 passed | L75: TC-API-BILL-303-02 | M75: Passed
A76: EPIC-3: Kommunal ödənişlər | B76: GRAD-303 | C76: AC-3 | D76: page=3 (mövcud deyil) → 200, items [] | E76: Medium (5 SP) | F76: Tam | G76: gradPaymentHistory.spec | H76: '#3' | J76: PaymentHistoryTest.scenario3_nonExistentPage_emptyResult | K76: Avtomat — 2026-10-07 passed | L76: TC-API-BILL-303-03 | M76: Passed
A77: EPIC-3: Kommunal ödənişlər | B77: GRAD-303 | C77: AC-4 | D77: limit=0/51, page=0/-1/abc → 400; limit 1 və 50 qəbul olunur | E77: Medium (5 SP) | F77: Qismən | G77: gradPaymentHistory.spec | H77: '#4,#5,#6,#7,#8' (yalnız rədd tərəfi) | I77: Rədd ssenariləri (limit=0/51, page=0/-1/abc) tam örtülüb; lakin limitin QƏBUL olunan sərhədləri (limit=1, limit=50) heç bir testdə ayrıca yoxlanılmır. GAP (qismən). | J77: PaymentHistoryTest.scenario4_limitZero_rejected PaymentHistoryTest.scenario5_limitFiftyOne_rejected PaymentHistoryTest.scenario6_pageZero_rejected PaymentHistoryTest.scenario7_pageNegativeOne_rejected PaymentHistoryTest.scenario8_pageAbc_rejected PaymentHistoryTest.newGap_limitOne_acceptedLowerBoundary PaymentHistoryTest.newGap_limitFifty_acceptedUpperBoundary | K77: Avtomat — 2026-10-07 passed | L77: TC-API-BILL-303-04 TC-API-BILL-303-05 TC-API-BILL-303-06 TC-API-BILL-303-07 TC-API-BILL-303-08 | M77: Passed
A78: EPIC-3: Kommunal ödənişlər | B78: GRAD-303 | C78: AC-5 | D78: from=2026-13-01 (mövcud olmayan tarix) → 400 | E78: Medium (5 SP) | F78: Tam | G78: gradPaymentHistory.spec | H78: '#9' | J78: PaymentHistoryTest.scenario9_nonExistentDate_rejected | K78: Avtomat — 2026-10-07 passed | L78: TC-API-BILL-303-09 | M78: Passed
A79: EPIC-3: Kommunal ödənişlər | B79: GRAD-303 | C79: AC-6 | D79: from > to → 400 | E79: Medium (5 SP) | F79: Tam | G79: gradPaymentHistory.spec | H79: '#10' | J79: PaymentHistoryTest.scenario10_fromGreaterThanTo_rejected | K79: Avtomat — 2026-10-07 passed | L79: TC-API-BILL-303-10 | M79: Passed
A80: EPIC-3: Kommunal ödənişlər | B80: GRAD-303 | C80: AC-7 | D80: from=to=bu gün → bu günün bütün ödənişləri | E80: Medium (5 SP) | F80: Tam | G80: gradPaymentHistory.spec | H80: '#11' | J80: PaymentHistoryTest.scenario11_fromEqualsToToday | K80: Avtomat — 2026-10-07 passed | L80: TC-API-BILL-303-11 TC-API-BILL-303-14 | M80: Passed
A81: EPIC-3: Kommunal ödənişlər | B81: GRAD-303 | C81: AC-8 | D81: billerId=citynet → yalnız citynet ödənişləri | E81: Medium (5 SP) | F81: Tam | G81: gradPaymentHistory.spec | H81: '#12' | J81: PaymentHistoryTest.scenario12_billerIdCitynetFilter | K81: Avtomat — 2026-10-07 passed | L81: TC-API-BILL-303-12 | M81: Passed
A82: EPIC-3: Kommunal ödənişlər | B82: GRAD-303 | C82: Əlavə | D82: Token yoxdur → 401 | E82: Medium (5 SP) | F82: Tam (AC-dən əlavə) | G82: gradPaymentHistory.spec | H82: '#13' | J82: PaymentHistoryTest.scenario13_noToken_returns401 | K82: Avtomat — 2026-10-07 passed | L82: TC-API-BILL-303-13 | M82: Passed
A83: ÜMUMİ QAYDALAR | B83: Bütün endpointlər | C83: Qayda-1 | D83: Error format: {error, code} — koda görə assert, mesaja yox | E83: Bütün ticketlər üçün keçərli | F83: Tam | G83: Bütün spec faylları | H83: — | I83: Hər neqativ ssenaridə 'code' sahəsi assert edilir, mesaj mətni yox — qaydaya tam riayət edilir. | J83: BaseApiTest.error(status, code) / validationError(field) — bütün xəta testlərində (schemas/error.json + code) | K83: Avtomat — bütün xəta testlərində (2026-10-07 passed: kod assert-ləri) | L83: Bütün neqativ API test case-ləri (xəta formatı {error, code}) | M83: Passed (bütün xəta testlərində)
A84: ÜMUMİ QAYDALAR | B84: Bütün endpointlər | C84: Qayda-2 | D84: Sahiblik olmayan resursa giriş → 404 (403 yox) | E84: Bütün ticketlər üçün keçərli | F84: Qismən | G84: gradDeleteBeneficiary.spec, gradGetCard.spec | H84: GRAD-103 IDOR, GRAD-202 IDOR | I84: Yalnız DELETE /beneficiaries/{id} və GET /cards/{id} üçün test olunub. POST /cards/{id}/block və /unblock üçün YOXDUR (yuxarıdaki GRAD-203/204 gap qeydlərinə bax). | J84: BeneficiaryDeleteTest.ac4_idorAnotherUsersBeneficiary_returns404NotFound CardGetTest.anotherUsersCard_idor_returns404NotFound CardBlockTest.newGapClosing_blockAnotherUsersCard_returns404NotFound CardUnblockTest.idor_anotherUsersCardUnblockAttempt_returns404NotFound | K84: Avtomat — 2026-10-07 passed | L84: TC-API-BEN-103-06 TC-API-CARD-202-05 TC-API-CARD-203-10 TC-API-CARD-204-07 | M84: Passed
A85: ÜMUMİ QAYDALAR | B85: Bütün endpointlər | C85: Qayda-3 | D85: Rate limit: 600 sorğu/10 saniyə (token/sessiya üzrə) | E85: Bütün ticketlər üçün keçərli | F85: YOXDUR | G85: — | H85: — | I85: AC-Reference-də özü 'HƏLƏ TEST EDİLMƏYİB' kimi işarələnib. Heç bir spec faylında test yoxdur. | J85: RateLimitTest.exceedingRateLimit_returns429RateLimited | K85: Avtomat test ayrıca suite-dədir (testng-ratelimit.xml) — 12.10 icra: 429 RATE_LIMITED + schema, Passed. Manual icra (curl, 1000 sorğu): 09.10 → 837×200, 163×429 (3.8 s); 11.10 → 620×200, 380×429 (3.2 s) → BUG-03 (2/2) | L85: TC-API-GEN-01 | M85: TC-API-GEN-01: Failed | N85: BUG-03 (limit 600 əvəzinə 620–837 sorğudan sonra işə düşür, 2/2)
A86: ÜMUMİ QAYDALAR | B86: Bütün endpointlər | C86: Qayda-4 | D86: Token 24 saat etibarlıdır, sandbox data 24 saatdan sonra sıfırlanır | E86: Bütün ticketlər üçün keçərli | F86: YOXDUR | G86: — | H86: — | I86: AC-Reference-də özü 'HƏLƏ TEST EDİLMƏYİB' kimi işarələnib. Heç bir spec faylında test yoxdur. | J86: AuthTokenTest.login_validCredentials_returnsTokenAndUser AuthTokenTest.sameToken_reusableAcrossMultipleRequests AuthTokenTest.newLogin_returnsNewTokenWithIsolatedSandbox AuthTokenTest.firstToken_staysValidWithOwnData_afterSecondLogin AuthTokenTest.tamperedToken_returns401 | K86: AuthTokenTest — 09.10 passed (147/147). 24 saat müddəti: TC-API-GEN-02 manual, 11.10 Passed (401); sandbox sıfırlanması: TC-API-GEN-03 Blocked | L86: TC-API-GEN-02 TC-API-GEN-03 | M86: Qismən — TC-API-GEN-02: Passed (11.10, 401); TC-API-GEN-03: Blocked
A87: ÜMUMİ QAYDALAR | B87: Bütün endpointlər | C87: Qayda-5 | D87: Pul sahələri number, maksimum 2 onluq | E87: Bütün ticketlər üçün keçərli | F87: Qismən | G87: gradCreateCard.spec (GRAD-201 AC-4), gradBillPayments.spec (GRAD-302 AC-15) | H87: '10.555' (kart) → 400; amount mətn kimi ("10") → 400 | I87: AC-Reference-də özü 'hələ ayrıca test edilməyib' kimi qeyd olunub. Yalnız qismən (mətn forması və 3-decimal nümunəsi kartda) örtülüb; onluq dəqiqliyi bill-payments amount üçün ayrıca sərhəd testi yoxdur. | J87: CardCreateTest.initialAmountFormatErrors_return400 BillPaymentTest.scenario79_amountAsText_returns400ValidationError BillPaymentTest.gap03_invalidMoneyAmount_returns400ValidationError | K87: Avtomat — 2026-10-07 passed + yeni test (icra gözlənilir) | L87: TC-API-CARD-201-04 TC-API-BILL-302-10 | M87: Passed

Sheet Xülasə
A1: Ticket | B1: Cəmi AC | C1: Tam | D1: Qismən | E1: Yoxdur | F1: Avtomat spec faylı | G1: RestAssured: AC örtülüb | H1: RestAssured: AC örtülməyib | I1: Test case ilə örtülən AC (Test-Cases-UI-API.xlsx) | J1: Son nəticəsi Passed olan AC
A2: GRAD-101 | B2: =COUNTIFS('Traceability Matrix'!$B$2:$B$87,"GRAD-101",'Traceability Matrix'!$C$2:$C$87,"AC-*") | C2: =COUNTIFS('Traceability Matrix'!$B$2:$B$87,"GRAD-101",'Traceability Matrix'!$C$2:$C$87,"AC-*",'Traceability Matrix'!$F$2:$F$87,"Tam")+COUNTIFS('Traceability Matrix'!$B$2:$B$87,"GRAD-101",'Traceability Matrix'!$C$2:$C$87,"AC-*",'Traceability Matrix'!$F$2:$F$87,"Tam (çarpaz fayl)") | D2: =COUNTIFS('Traceability Matrix'!$B$2:$B$87,"GRAD-101",'Traceability Matrix'!$C$2:$C$87,"AC-*",'Traceability Matrix'!$F$2:$F$87,"Qismən")+COUNTIFS('Traceability Matrix'!$B$2:$B$87,"GRAD-101",'Traceability Matrix'!$C$2:$C$87,"AC-*",'Traceability Matrix'!$F$2:$F$87,"Qismən (deviation)") | E2: =COUNTIFS('Traceability Matrix'!$B$2:$B$87,"GRAD-101",'Traceability Matrix'!$C$2:$C$87,"AC-*",'Traceability Matrix'!$F$2:$F$87,"YOXDUR") | F2: gradBeneficiaryTesting.spec | G2: =COUNTIFS('Traceability Matrix'!$B$2:$B$87,"GRAD-101",'Traceability Matrix'!$C$2:$C$87,"AC-*",'Traceability Matrix'!$K$2:$K$87,"Avtomat*") | H2: =COUNTIFS('Traceability Matrix'!$B$2:$B$87,"GRAD-101",'Traceability Matrix'!$C$2:$C$87,"AC-*",'Traceability Matrix'!$K$2:$K$87,"YOXDUR") | I2: =COUNTIFS('Traceability Matrix'!$B$2:$B$87,"GRAD-101",'Traceability Matrix'!$C$2:$C$87,"AC-*",'Traceability Matrix'!$L$2:$L$87,"<>") | J2: =COUNTIFS('Traceability Matrix'!$B$2:$B$87,"GRAD-101",'Traceability Matrix'!$C$2:$C$87,"AC-*",'Traceability Matrix'!$M$2:$M$87,"Passed")
A3: GRAD-102 | B3: =COUNTIFS('Traceability Matrix'!$B$2:$B$87,"GRAD-102",'Traceability Matrix'!$C$2:$C$87,"AC-*") | C3: =COUNTIFS('Traceability Matrix'!$B$2:$B$87,"GRAD-102",'Traceability Matrix'!$C$2:$C$87,"AC-*",'Traceability Matrix'!$F$2:$F$87,"Tam")+COUNTIFS('Traceability Matrix'!$B$2:$B$87,"GRAD-102",'Traceability Matrix'!$C$2:$C$87,"AC-*",'Traceability Matrix'!$F$2:$F$87,"Tam (çarpaz fayl)") | D3: =COUNTIFS('Traceability Matrix'!$B$2:$B$87,"GRAD-102",'Traceability Matrix'!$C$2:$C$87,"AC-*",'Traceability Matrix'!$F$2:$F$87,"Qismən")+COUNTIFS('Traceability Matrix'!$B$2:$B$87,"GRAD-102",'Traceability Matrix'!$C$2:$C$87,"AC-*",'Traceability Matrix'!$F$2:$F$87,"Qismən (deviation)") | E3: =COUNTIFS('Traceability Matrix'!$B$2:$B$87,"GRAD-102",'Traceability Matrix'!$C$2:$C$87,"AC-*",'Traceability Matrix'!$F$2:$F$87,"YOXDUR") | F3: gradListBeneficiaries.spec | G3: =COUNTIFS('Traceability Matrix'!$B$2:$B$87,"GRAD-102",'Traceability Matrix'!$C$2:$C$87,"AC-*",'Traceability Matrix'!$K$2:$K$87,"Avtomat*") | H3: =COUNTIFS('Traceability Matrix'!$B$2:$B$87,"GRAD-102",'Traceability Matrix'!$C$2:$C$87,"AC-*",'Traceability Matrix'!$K$2:$K$87,"YOXDUR") | I3: =COUNTIFS('Traceability Matrix'!$B$2:$B$87,"GRAD-102",'Traceability Matrix'!$C$2:$C$87,"AC-*",'Traceability Matrix'!$L$2:$L$87,"<>") | J3: =COUNTIFS('Traceability Matrix'!$B$2:$B$87,"GRAD-102",'Traceability Matrix'!$C$2:$C$87,"AC-*",'Traceability Matrix'!$M$2:$M$87,"Passed")
A4: GRAD-103 | B4: =COUNTIFS('Traceability Matrix'!$B$2:$B$87,"GRAD-103",'Traceability Matrix'!$C$2:$C$87,"AC-*") | C4: =COUNTIFS('Traceability Matrix'!$B$2:$B$87,"GRAD-103",'Traceability Matrix'!$C$2:$C$87,"AC-*",'Traceability Matrix'!$F$2:$F$87,"Tam")+COUNTIFS('Traceability Matrix'!$B$2:$B$87,"GRAD-103",'Traceability Matrix'!$C$2:$C$87,"AC-*",'Traceability Matrix'!$F$2:$F$87,"Tam (çarpaz fayl)") | D4: =COUNTIFS('Traceability Matrix'!$B$2:$B$87,"GRAD-103",'Traceability Matrix'!$C$2:$C$87,"AC-*",'Traceability Matrix'!$F$2:$F$87,"Qismən")+COUNTIFS('Traceability Matrix'!$B$2:$B$87,"GRAD-103",'Traceability Matrix'!$C$2:$C$87,"AC-*",'Traceability Matrix'!$F$2:$F$87,"Qismən (deviation)") | E4: =COUNTIFS('Traceability Matrix'!$B$2:$B$87,"GRAD-103",'Traceability Matrix'!$C$2:$C$87,"AC-*",'Traceability Matrix'!$F$2:$F$87,"YOXDUR") | F4: gradDeleteBeneficiary.spec | G4: =COUNTIFS('Traceability Matrix'!$B$2:$B$87,"GRAD-103",'Traceability Matrix'!$C$2:$C$87,"AC-*",'Traceability Matrix'!$K$2:$K$87,"Avtomat*") | H4: =COUNTIFS('Traceability Matrix'!$B$2:$B$87,"GRAD-103",'Traceability Matrix'!$C$2:$C$87,"AC-*",'Traceability Matrix'!$K$2:$K$87,"YOXDUR") | I4: =COUNTIFS('Traceability Matrix'!$B$2:$B$87,"GRAD-103",'Traceability Matrix'!$C$2:$C$87,"AC-*",'Traceability Matrix'!$L$2:$L$87,"<>") | J4: =COUNTIFS('Traceability Matrix'!$B$2:$B$87,"GRAD-103",'Traceability Matrix'!$C$2:$C$87,"AC-*",'Traceability Matrix'!$M$2:$M$87,"Passed")
A5: GRAD-201 | B5: =COUNTIFS('Traceability Matrix'!$B$2:$B$87,"GRAD-201",'Traceability Matrix'!$C$2:$C$87,"AC-*") | C5: =COUNTIFS('Traceability Matrix'!$B$2:$B$87,"GRAD-201",'Traceability Matrix'!$C$2:$C$87,"AC-*",'Traceability Matrix'!$F$2:$F$87,"Tam")+COUNTIFS('Traceability Matrix'!$B$2:$B$87,"GRAD-201",'Traceability Matrix'!$C$2:$C$87,"AC-*",'Traceability Matrix'!$F$2:$F$87,"Tam (çarpaz fayl)") | D5: =COUNTIFS('Traceability Matrix'!$B$2:$B$87,"GRAD-201",'Traceability Matrix'!$C$2:$C$87,"AC-*",'Traceability Matrix'!$F$2:$F$87,"Qismən")+COUNTIFS('Traceability Matrix'!$B$2:$B$87,"GRAD-201",'Traceability Matrix'!$C$2:$C$87,"AC-*",'Traceability Matrix'!$F$2:$F$87,"Qismən (deviation)") | E5: =COUNTIFS('Traceability Matrix'!$B$2:$B$87,"GRAD-201",'Traceability Matrix'!$C$2:$C$87,"AC-*",'Traceability Matrix'!$F$2:$F$87,"YOXDUR") | F5: gradCreateCard.spec | G5: =COUNTIFS('Traceability Matrix'!$B$2:$B$87,"GRAD-201",'Traceability Matrix'!$C$2:$C$87,"AC-*",'Traceability Matrix'!$K$2:$K$87,"Avtomat*") | H5: =COUNTIFS('Traceability Matrix'!$B$2:$B$87,"GRAD-201",'Traceability Matrix'!$C$2:$C$87,"AC-*",'Traceability Matrix'!$K$2:$K$87,"YOXDUR") | I5: =COUNTIFS('Traceability Matrix'!$B$2:$B$87,"GRAD-201",'Traceability Matrix'!$C$2:$C$87,"AC-*",'Traceability Matrix'!$L$2:$L$87,"<>") | J5: =COUNTIFS('Traceability Matrix'!$B$2:$B$87,"GRAD-201",'Traceability Matrix'!$C$2:$C$87,"AC-*",'Traceability Matrix'!$M$2:$M$87,"Passed")
A6: GRAD-202 | B6: =COUNTIFS('Traceability Matrix'!$B$2:$B$87,"GRAD-202",'Traceability Matrix'!$C$2:$C$87,"AC-*") | C6: =COUNTIFS('Traceability Matrix'!$B$2:$B$87,"GRAD-202",'Traceability Matrix'!$C$2:$C$87,"AC-*",'Traceability Matrix'!$F$2:$F$87,"Tam")+COUNTIFS('Traceability Matrix'!$B$2:$B$87,"GRAD-202",'Traceability Matrix'!$C$2:$C$87,"AC-*",'Traceability Matrix'!$F$2:$F$87,"Tam (çarpaz fayl)") | D6: =COUNTIFS('Traceability Matrix'!$B$2:$B$87,"GRAD-202",'Traceability Matrix'!$C$2:$C$87,"AC-*",'Traceability Matrix'!$F$2:$F$87,"Qismən")+COUNTIFS('Traceability Matrix'!$B$2:$B$87,"GRAD-202",'Traceability Matrix'!$C$2:$C$87,"AC-*",'Traceability Matrix'!$F$2:$F$87,"Qismən (deviation)") | E6: =COUNTIFS('Traceability Matrix'!$B$2:$B$87,"GRAD-202",'Traceability Matrix'!$C$2:$C$87,"AC-*",'Traceability Matrix'!$F$2:$F$87,"YOXDUR") | F6: gradGetCard.spec | G6: =COUNTIFS('Traceability Matrix'!$B$2:$B$87,"GRAD-202",'Traceability Matrix'!$C$2:$C$87,"AC-*",'Traceability Matrix'!$K$2:$K$87,"Avtomat*") | H6: =COUNTIFS('Traceability Matrix'!$B$2:$B$87,"GRAD-202",'Traceability Matrix'!$C$2:$C$87,"AC-*",'Traceability Matrix'!$K$2:$K$87,"YOXDUR") | I6: =COUNTIFS('Traceability Matrix'!$B$2:$B$87,"GRAD-202",'Traceability Matrix'!$C$2:$C$87,"AC-*",'Traceability Matrix'!$L$2:$L$87,"<>") | J6: =COUNTIFS('Traceability Matrix'!$B$2:$B$87,"GRAD-202",'Traceability Matrix'!$C$2:$C$87,"AC-*",'Traceability Matrix'!$M$2:$M$87,"Passed")
A7: GRAD-203 | B7: =COUNTIFS('Traceability Matrix'!$B$2:$B$87,"GRAD-203",'Traceability Matrix'!$C$2:$C$87,"AC-*") | C7: =COUNTIFS('Traceability Matrix'!$B$2:$B$87,"GRAD-203",'Traceability Matrix'!$C$2:$C$87,"AC-*",'Traceability Matrix'!$F$2:$F$87,"Tam")+COUNTIFS('Traceability Matrix'!$B$2:$B$87,"GRAD-203",'Traceability Matrix'!$C$2:$C$87,"AC-*",'Traceability Matrix'!$F$2:$F$87,"Tam (çarpaz fayl)") | D7: =COUNTIFS('Traceability Matrix'!$B$2:$B$87,"GRAD-203",'Traceability Matrix'!$C$2:$C$87,"AC-*",'Traceability Matrix'!$F$2:$F$87,"Qismən")+COUNTIFS('Traceability Matrix'!$B$2:$B$87,"GRAD-203",'Traceability Matrix'!$C$2:$C$87,"AC-*",'Traceability Matrix'!$F$2:$F$87,"Qismən (deviation)") | E7: =COUNTIFS('Traceability Matrix'!$B$2:$B$87,"GRAD-203",'Traceability Matrix'!$C$2:$C$87,"AC-*",'Traceability Matrix'!$F$2:$F$87,"YOXDUR") | F7: gradBlockCard.spec | G7: =COUNTIFS('Traceability Matrix'!$B$2:$B$87,"GRAD-203",'Traceability Matrix'!$C$2:$C$87,"AC-*",'Traceability Matrix'!$K$2:$K$87,"Avtomat*") | H7: =COUNTIFS('Traceability Matrix'!$B$2:$B$87,"GRAD-203",'Traceability Matrix'!$C$2:$C$87,"AC-*",'Traceability Matrix'!$K$2:$K$87,"YOXDUR") | I7: =COUNTIFS('Traceability Matrix'!$B$2:$B$87,"GRAD-203",'Traceability Matrix'!$C$2:$C$87,"AC-*",'Traceability Matrix'!$L$2:$L$87,"<>") | J7: =COUNTIFS('Traceability Matrix'!$B$2:$B$87,"GRAD-203",'Traceability Matrix'!$C$2:$C$87,"AC-*",'Traceability Matrix'!$M$2:$M$87,"Passed")
A8: GRAD-204 | B8: =COUNTIFS('Traceability Matrix'!$B$2:$B$87,"GRAD-204",'Traceability Matrix'!$C$2:$C$87,"AC-*") | C8: =COUNTIFS('Traceability Matrix'!$B$2:$B$87,"GRAD-204",'Traceability Matrix'!$C$2:$C$87,"AC-*",'Traceability Matrix'!$F$2:$F$87,"Tam")+COUNTIFS('Traceability Matrix'!$B$2:$B$87,"GRAD-204",'Traceability Matrix'!$C$2:$C$87,"AC-*",'Traceability Matrix'!$F$2:$F$87,"Tam (çarpaz fayl)") | D8: =COUNTIFS('Traceability Matrix'!$B$2:$B$87,"GRAD-204",'Traceability Matrix'!$C$2:$C$87,"AC-*",'Traceability Matrix'!$F$2:$F$87,"Qismən")+COUNTIFS('Traceability Matrix'!$B$2:$B$87,"GRAD-204",'Traceability Matrix'!$C$2:$C$87,"AC-*",'Traceability Matrix'!$F$2:$F$87,"Qismən (deviation)") | E8: =COUNTIFS('Traceability Matrix'!$B$2:$B$87,"GRAD-204",'Traceability Matrix'!$C$2:$C$87,"AC-*",'Traceability Matrix'!$F$2:$F$87,"YOXDUR") | F8: gradUnblockCard.spec | G8: =COUNTIFS('Traceability Matrix'!$B$2:$B$87,"GRAD-204",'Traceability Matrix'!$C$2:$C$87,"AC-*",'Traceability Matrix'!$K$2:$K$87,"Avtomat*") | H8: =COUNTIFS('Traceability Matrix'!$B$2:$B$87,"GRAD-204",'Traceability Matrix'!$C$2:$C$87,"AC-*",'Traceability Matrix'!$K$2:$K$87,"YOXDUR") | I8: =COUNTIFS('Traceability Matrix'!$B$2:$B$87,"GRAD-204",'Traceability Matrix'!$C$2:$C$87,"AC-*",'Traceability Matrix'!$L$2:$L$87,"<>") | J8: =COUNTIFS('Traceability Matrix'!$B$2:$B$87,"GRAD-204",'Traceability Matrix'!$C$2:$C$87,"AC-*",'Traceability Matrix'!$M$2:$M$87,"Passed")
A9: GRAD-301 | B9: =COUNTIFS('Traceability Matrix'!$B$2:$B$87,"GRAD-301",'Traceability Matrix'!$C$2:$C$87,"AC-*") | C9: =COUNTIFS('Traceability Matrix'!$B$2:$B$87,"GRAD-301",'Traceability Matrix'!$C$2:$C$87,"AC-*",'Traceability Matrix'!$F$2:$F$87,"Tam")+COUNTIFS('Traceability Matrix'!$B$2:$B$87,"GRAD-301",'Traceability Matrix'!$C$2:$C$87,"AC-*",'Traceability Matrix'!$F$2:$F$87,"Tam (çarpaz fayl)") | D9: =COUNTIFS('Traceability Matrix'!$B$2:$B$87,"GRAD-301",'Traceability Matrix'!$C$2:$C$87,"AC-*",'Traceability Matrix'!$F$2:$F$87,"Qismən")+COUNTIFS('Traceability Matrix'!$B$2:$B$87,"GRAD-301",'Traceability Matrix'!$C$2:$C$87,"AC-*",'Traceability Matrix'!$F$2:$F$87,"Qismən (deviation)") | E9: =COUNTIFS('Traceability Matrix'!$B$2:$B$87,"GRAD-301",'Traceability Matrix'!$C$2:$C$87,"AC-*",'Traceability Matrix'!$F$2:$F$87,"YOXDUR") | F9: gradBillersList.spec | G9: =COUNTIFS('Traceability Matrix'!$B$2:$B$87,"GRAD-301",'Traceability Matrix'!$C$2:$C$87,"AC-*",'Traceability Matrix'!$K$2:$K$87,"Avtomat*") | H9: =COUNTIFS('Traceability Matrix'!$B$2:$B$87,"GRAD-301",'Traceability Matrix'!$C$2:$C$87,"AC-*",'Traceability Matrix'!$K$2:$K$87,"YOXDUR") | I9: =COUNTIFS('Traceability Matrix'!$B$2:$B$87,"GRAD-301",'Traceability Matrix'!$C$2:$C$87,"AC-*",'Traceability Matrix'!$L$2:$L$87,"<>") | J9: =COUNTIFS('Traceability Matrix'!$B$2:$B$87,"GRAD-301",'Traceability Matrix'!$C$2:$C$87,"AC-*",'Traceability Matrix'!$M$2:$M$87,"Passed")
A10: GRAD-302 | B10: =COUNTIFS('Traceability Matrix'!$B$2:$B$87,"GRAD-302",'Traceability Matrix'!$C$2:$C$87,"AC-*") | C10: =COUNTIFS('Traceability Matrix'!$B$2:$B$87,"GRAD-302",'Traceability Matrix'!$C$2:$C$87,"AC-*",'Traceability Matrix'!$F$2:$F$87,"Tam")+COUNTIFS('Traceability Matrix'!$B$2:$B$87,"GRAD-302",'Traceability Matrix'!$C$2:$C$87,"AC-*",'Traceability Matrix'!$F$2:$F$87,"Tam (çarpaz fayl)") | D10: =COUNTIFS('Traceability Matrix'!$B$2:$B$87,"GRAD-302",'Traceability Matrix'!$C$2:$C$87,"AC-*",'Traceability Matrix'!$F$2:$F$87,"Qismən")+COUNTIFS('Traceability Matrix'!$B$2:$B$87,"GRAD-302",'Traceability Matrix'!$C$2:$C$87,"AC-*",'Traceability Matrix'!$F$2:$F$87,"Qismən (deviation)") | E10: =COUNTIFS('Traceability Matrix'!$B$2:$B$87,"GRAD-302",'Traceability Matrix'!$C$2:$C$87,"AC-*",'Traceability Matrix'!$F$2:$F$87,"YOXDUR") | F10: gradBillPayments.spec | G10: =COUNTIFS('Traceability Matrix'!$B$2:$B$87,"GRAD-302",'Traceability Matrix'!$C$2:$C$87,"AC-*",'Traceability Matrix'!$K$2:$K$87,"Avtomat*") | H10: =COUNTIFS('Traceability Matrix'!$B$2:$B$87,"GRAD-302",'Traceability Matrix'!$C$2:$C$87,"AC-*",'Traceability Matrix'!$K$2:$K$87,"YOXDUR") | I10: =COUNTIFS('Traceability Matrix'!$B$2:$B$87,"GRAD-302",'Traceability Matrix'!$C$2:$C$87,"AC-*",'Traceability Matrix'!$L$2:$L$87,"<>") | J10: =COUNTIFS('Traceability Matrix'!$B$2:$B$87,"GRAD-302",'Traceability Matrix'!$C$2:$C$87,"AC-*",'Traceability Matrix'!$M$2:$M$87,"Passed")
A11: GRAD-303 | B11: =COUNTIFS('Traceability Matrix'!$B$2:$B$87,"GRAD-303",'Traceability Matrix'!$C$2:$C$87,"AC-*") | C11: =COUNTIFS('Traceability Matrix'!$B$2:$B$87,"GRAD-303",'Traceability Matrix'!$C$2:$C$87,"AC-*",'Traceability Matrix'!$F$2:$F$87,"Tam")+COUNTIFS('Traceability Matrix'!$B$2:$B$87,"GRAD-303",'Traceability Matrix'!$C$2:$C$87,"AC-*",'Traceability Matrix'!$F$2:$F$87,"Tam (çarpaz fayl)") | D11: =COUNTIFS('Traceability Matrix'!$B$2:$B$87,"GRAD-303",'Traceability Matrix'!$C$2:$C$87,"AC-*",'Traceability Matrix'!$F$2:$F$87,"Qismən")+COUNTIFS('Traceability Matrix'!$B$2:$B$87,"GRAD-303",'Traceability Matrix'!$C$2:$C$87,"AC-*",'Traceability Matrix'!$F$2:$F$87,"Qismən (deviation)") | E11: =COUNTIFS('Traceability Matrix'!$B$2:$B$87,"GRAD-303",'Traceability Matrix'!$C$2:$C$87,"AC-*",'Traceability Matrix'!$F$2:$F$87,"YOXDUR") | F11: gradPaymentHistory.spec | G11: =COUNTIFS('Traceability Matrix'!$B$2:$B$87,"GRAD-303",'Traceability Matrix'!$C$2:$C$87,"AC-*",'Traceability Matrix'!$K$2:$K$87,"Avtomat*") | H11: =COUNTIFS('Traceability Matrix'!$B$2:$B$87,"GRAD-303",'Traceability Matrix'!$C$2:$C$87,"AC-*",'Traceability Matrix'!$K$2:$K$87,"YOXDUR") | I11: =COUNTIFS('Traceability Matrix'!$B$2:$B$87,"GRAD-303",'Traceability Matrix'!$C$2:$C$87,"AC-*",'Traceability Matrix'!$L$2:$L$87,"<>") | J11: =COUNTIFS('Traceability Matrix'!$B$2:$B$87,"GRAD-303",'Traceability Matrix'!$C$2:$C$87,"AC-*",'Traceability Matrix'!$M$2:$M$87,"Passed")
A12: CƏMİ | B12: =SUM(B2:B11) | C12: =SUM(C2:C11) | D12: =SUM(D2:D11) | E12: =SUM(E2:E11) | G12: =SUM(G2:G11) | H12: =SUM(H2:H11) | I12: =SUM(I2:I11) | J12: =SUM(J2:J11)
A14: Qeyd: 'Cəmi AC' yalnız nömrələnmiş AC-ləri sayır (Əlavə/Ümumi qaydalar sətirləri xaric). Mənbə: GRAD-AC-Reference.md (verbatim) + mövcud Gauge .spec faylları.
A15: Qeyd (2026-10-07): 'RestAssured' sütunları kodun @Feature/@Story annotasiyalarından çıxarılıb. '2026-10-07 passed' — həmin testin 2026-10-07 icrasında (129/129) keçdiyini göstərir; POJO/JSON Schema refaktorundan sonrakı yenidən icra gözlənilir.
A16: Qeyd (09.10.2026): test case-lərin tam siyahısı, addımları və icra nəticələri yalnız docs/Test-Cases-UI-API.xlsx faylındadır (UI + API). Bu faylın əvvəlki "Test Case-lər (API)" və "Test Case-lər (UI - ASOS)" vərəqləri köhnə ID-lərlə (TC-API-101-01 və s.) dublikat idi və silindi; matrisdəki L sütunu hər AC-ni yeni test case ID-lərinə bağlayır, M sütunu son nəticəni, N sütunu bug-ı göstərir.
